{
    "loss": 1.172315001487732,
    "accuracy": 0.6577777862548828
}