{
    "loss": 0.9168285131454468,
    "accuracy": 0.6946946978569031
}