{
    "loss": 1.044451355934143,
    "accuracy": 0.6855555772781372
}